event_name,event_type,begin_date,end_date,cpi_cost,unad_cost,deaths
Southern Severe Storms and Flooding,Flooding,1980-04-10,1980-04-17,2742.3,706.8,7
Hurricane Allen,Tropical Cyclone,1980-08-07,1980-08-11,2224.4,590.0,13
Central/Eastern Drought/Heat Wave,Drought,1980-06-01,1980-11-30,40480.8,10020.0,1260
Florida Freeze,Freeze,1981-01-12,1981-01-14,2064.9,572.0,0
"Severe Storms, Flash Floods, Hail, Tornadoes",Severe Storm,1981-05-05,1981-05-10,1405.2,401.4,20
"Midwest/Southeast/Northeast Winter Storm, Cold Wave",Winter Storm,1982-01-08,1982-01-16,2204.6,662.0,85
Midwest/Plains/Southeast Tornadoes,Severe Storm,1982-04-02,1982-04-04,1599.5,483.2,33
Severe Storms,Severe Storm,1982-05-31,1982-06-10,1574.2,479.9,30
Gulf States Storms and Flooding,Flooding,1982-12-01,1983-01-15,4915.4,1536.1,45
Western Storms and Flooding,Flooding,1982-12-13,1983-03-31,4798.7,1499.6,50
Hurricane Alicia,Tropical Cyclone,1983-08-17,1983-08-20,9390.0,3000.0,21
Southeast Drought,Drought,1983-06-01,1983-08-31,9514.6,2964.1,0
Arizona Flooding,Flooding,1983-09-29,1983-10-03,1248.0,400.0,14
Freeze/Cold Wave,Freeze,1983-12-15,1983-12-25,6438.3,2005.8,151
"Tornadoes, Severe Storms, Floods",Severe Storm,1984-03-27,1984-04-07,1845.3,603.1,80
Severe Storms and Hail,Severe Storm,1984-06-13,1984-06-17,1352.0,446.2,1
"Winter Storm, Cold Wave",Winter Storm,1985-01-19,1985-01-22,2493.7,836.9,150
Florida Freeze,Freeze,1985-01-20,1985-01-22,3576.0,1200.0,0
Ohio and Pennsylvania Tornado Outbreak,Severe Storm,1985-05-31,1985-05-31,1752.0,600.0,89
Hurricane Elena,Tropical Cyclone,1985-08-30,1985-09-03,3775.4,1297.4,4
Hurricane Gloria,Tropical Cyclone,1985-09-26,1985-09-28,2482.9,856.1,11
Hurricane Juan,Tropical Cyclone,1985-10-27,1985-10-31,4325.5,1496.7,63
"Virginia, West Virginia, Pennsylvania and Maryland Flooding",Flooding,1985-11-03,1985-11-08,4032.0,1400.0,62
Western Severe Storms and Flooding,Severe Storm,1986-02-14,1986-02-16,1520.6,529.8,13
Southeast Drought/Heat Wave,Drought,1986-06-01,1986-08-31,5176.4,1803.6,100
Michigan Flooding,Flooding,1986-09-10,1986-09-12,1140.0,400.0,10
U.S. Drought/Heat Wave,Drought,1988-06-01,1988-08-31,54210.6,20003.8,454
Southern Derecho and Severe Storms,Severe Storm,1989-05-01,1989-05-06,1401.0,551.5,21
Tropical Storm Allison,Tropical Cyclone,1989-06-26,1989-06-28,1480.1,585.0,11
Hurricane Hugo,Tropical Cyclone,1989-09-21,1989-09-22,22589.7,8999.9,86
Northern Plains Drought,Drought,1989-06-01,1989-11-30,7778.2,3003.2,0
Florida Freeze,Freeze,1989-12-23,1989-12-25,5180.0,2000.0,10
"Winter Storm, Cold Wave",Winter Storm,1989-12-21,1989-12-26,1693.8,680.0,100
Southern Flooding,Flooding,1990-05-11,1990-05-19,2446.7,1006.9,13
Colorado Hail Storm,Severe Storm,1990-07-11,1990-07-11,1976.3,820.1,0
Western Fire Season,Wildfire,1990-06-01,1990-08-31,1709.0,715.0,17
California Freeze,Freeze,1990-12-18,1990-12-25,8398.0,3400.0,0
"Severe Storms, Tornadoes",Severe Storm,1991-03-26,1991-03-29,1503.1,645.0,0
Hurricane Bob,Tropical Cyclone,1991-08-18,1991-08-20,3456.7,1502.9,18
U.S. Drought,Drought,1991-03-01,1991-08-31,7009.9,3008.5,0
Oakland Firestorm,Wildfire,1991-10-01,1991-10-31,7557.0,3300.0,25
Severe Storms,Severe Storm,1992-03-24,1992-03-25,1809.7,804.3,0
"Hail, Tornadoes",Severe Storm,1992-04-28,1992-04-29,2147.4,954.4,0
"Severe Storms, Hail",Severe Storm,1992-06-19,1992-06-20,1675.5,748.0,0
Hurricane Andrew,Tropical Cyclone,1992-08-23,1992-08-27,60210.0,27000.0,61
Hurricane Iniki,Tropical Cyclone,1992-09-11,1992-09-12,6882.0,3100.0,7
Southeast Severe Weather,Severe Storm,1992-11-21,1992-11-23,1452.0,657.0,26
Northeast Winter Storm,Winter Storm,1992-12-10,1992-12-13,5487.4,2483.0,19
East Coast Blizzard and Severe Weather,Winter Storm,1993-03-11,1993-03-14,12104.1,5527.0,270
Northern Plains and Ohio Valley Severe Weather,Severe Storm,1993-07-08,1993-07-10,1397.5,644.0,1
Midwest Flooding,Flooding,1993-06-27,1993-08-15,46113.9,20960.9,48
Southeast Drought and Heat Wave,Drought,1993-06-01,1993-08-31,2767.6,1258.0,16
California Wildfires,Wildfire,1993-09-01,1993-11-30,2962.4,1371.5,4
"Winter Storm, Cold Wave",Winter Storm,1994-01-17,1994-01-20,2236.3,1040.0,70
Southeast Ice Storm,Winter Storm,1994-02-08,1994-02-13,6414.5,2997.5,9
Midwest/Plains Tornadoes,Severe Storm,1994-04-25,1994-04-27,2098.3,985.1,3
Tropical Storm Alberto,Tropical Cyclone,1994-07-07,1994-07-10,2116.8,998.5,32
Texas Flooding,Flooding,1994-10-16,1994-10-25,2100.0,1000.0,19
Western Fire Season,Wildfire,1994-06-01,1994-11-30,1537.0,725.0,0
California Flooding,Flooding,1995-01-01,1995-03-31,5225.0,2500.0,27
Texas Hail Storm,Severe Storm,1995-04-28,1995-04-28,1190.3,575.0,0
South Plains Severe Weather,Severe Storm,1995-05-05,1995-05-07,11302.1,5486.5,32
Hurricane Erin,Tropical Cyclone,1995-08-01,1995-08-07,1742.5,850.0,6
Hurricane Marilyn,Tropical Cyclone,1995-09-15,1995-09-17,4305.0,2100.0,13
"Central, Southern and Northeast Drought/Heat Wave",Drought,1995-07-01,1995-09-30,2017.6,984.0,872
Hurricane Opal,Tropical Cyclone,1995-10-04,1995-10-06,9565.5,4689.0,27
Blizzard/Floods,Winter Storm,1996-01-01,1996-01-31,6096.3,3003.0,187
Pacific Northwest Severe Flooding,Flooding,1996-02-07,1996-02-12,2046.9,1008.3,9
Southern Plains Drought,Drought,1996-03-01,1996-08-31,3636.7,1791.5,0
Hurricane Fran,Tropical Cyclone,1996-09-05,1996-09-08,9963.9,5007.0,37
New England Flooding,Flooding,1996-10-19,1996-10-22,1345.3,676.0,1
West Coast Flooding,Flooding,1997-01-01,1997-01-11,5943.5,3017.0,36
Mississippi and Ohio Valley Severe Weather and Flooding,Severe Storm,1997-02-28,1997-03-05,1925.8,977.5,67
Northern Plains Flooding,Flooding,1997-02-03,1997-05-24,7242.7,3676.5,11
Northeast Ice Storm,Winter Storm,1998-01-05,1998-01-09,2719.4,1401.8,16
Western/Eastern Severe Weather and Flooding,Severe Storm,1997-12-01,1998-02-28,1958.8,1004.5,132
Minnesota Severe Storms/Hail,Severe Storm,1998-05-15,1998-05-15,3148.3,1631.3,1
"Northern Plains and Great Lakes Derecho, Tornadoes",Severe Storm,1998-05-30,1998-06-02,2197.3,1138.4,20
Central and Eastern Severe Storms and Flooding,Severe Storm,1998-06-20,1998-06-24,1725.8,894.0,12
Tropical Storm Frances,Tropical Cyclone,1998-08-08,1998-08-13,1344.0,700.0,2
Hurricane Bonnie,Tropical Cyclone,1998-08-27,1998-08-29,1881.6,980.0,3
Southern Drought and Heat Wave,Drought,1998-06-01,1998-08-31,6844.3,3528.0,200
Hurricane Georges,Tropical Cyclone,1998-09-20,1998-09-29,11490.2,5984.5,16
Texas Flooding,Flooding,1998-10-16,1998-10-24,1808.8,942.1,31
California Freeze,Freeze,1998-12-20,1998-12-28,4850.0,2500.0,0
Central and Eastern Winter Storm,Winter Storm,1999-01-01,1999-01-04,1972.1,1032.5,25
Central and Eastern Winter Storm,Winter Storm,1999-01-13,1999-01-16,1684.8,882.0,0
Oklahoma and Kansas Tornadoes,Severe Storm,1999-05-03,1999-05-06,3802.9,2012.1,55
Eastern Drought/Heat Wave,Drought,1999-06-01,1999-08-31,4772.8,2498.9,502
Hurricane Floyd,Tropical Cyclone,1999-09-14,1999-09-16,12138.1,6491.0,77
Southeast Winter Storm,Winter Storm,2000-01-21,2000-01-24,1313.2,706.0,4
Southern Severe Weather,Severe Storm,2000-03-28,2000-03-29,1262.7,690.0,0
Western Fire Season,Wildfire,2000-03-01,2000-08-31,1967.4,1075.0,0
South Florida Flooding,Flooding,2000-10-03,2000-10-04,1620.0,900.0,3
Western/Central/Southeast Drought/Heat Wave,Drought,2000-03-01,2000-11-30,9294.5,4997.2,140
Midwest/Ohio Valley Hail and Tornadoes,Severe Storm,2001-04-06,2001-04-11,5508.7,3094.8,3
North Central Severe Weather,Severe Storm,2001-04-30,2001-05-01,1194.3,671.0,0
Tropical Storm Allison,Tropical Cyclone,2001-06-05,2001-06-17,14998.7,8522.0,43
Severe Storms and Tornadoes,Severe Storm,2002-04-27,2002-04-28,3663.9,2093.8,7
Hurricane Lili,Tropical Cyclone,2002-08-01,2002-08-05,1921.9,1104.5,2
Tropical Storm Isidore,Tropical Cyclone,2002-09-25,2002-09-27,2001.0,1150.0,5
Eastern Tornadoes and Severe Storms,Severe Storm,2002-11-09,2002-11-11,1245.6,720.0,28
U.S. Drought,Drought,2002-03-01,2002-11-30,15941.5,9006.4,0
Western Fire Season,Wildfire,2002-09-01,2002-11-30,2301.8,1322.8,21
Severe Storms/Hail,Severe Storm,2003-04-04,2003-04-07,3430.8,2006.3,3
Severe Storms/Tornadoes,Severe Storm,2003-05-03,2003-05-10,7059.5,4128.4,51
Midwest/Plains Severe Weather,Severe Storm,2003-07-04,2003-07-09,1467.3,858.1,7
Southern Derecho and Eastern Severe Weather,Severe Storm,2003-07-21,2003-07-23,1723.9,1008.2,7
Hurricane Isabel,Tropical Cyclone,2003-09-18,2003-09-19,9322.9,5484.0,55
California Wildfires,Wildfire,2003-09-01,2003-11-30,6613.7,3890.4,22
Western/Central Drought/Heat Wave,Drought,2003-03-01,2003-11-30,8680.8,5017.7,35
"Severe Storms, Hail, Tornadoes",Severe Storm,2004-05-21,2004-05-27,1682.9,1013.9,4
Colorado Hail Storms,Severe Storm,2004-06-08,2004-06-09,1153.7,695.0,0
Hurricane Charley,Tropical Cyclone,2004-08-13,2004-08-14,26559.2,15999.5,35
Hurricane Frances,Tropical Cyclone,2004-09-03,2004-09-09,16170.0,9800.0,48
Hurricane Ivan,Tropical Cyclone,2004-09-12,2004-09-21,33825.8,20500.5,57
Hurricane Jeanne,Tropical Cyclone,2004-09-15,2004-09-29,12369.3,7496.5,28
Southeast Severe Weather,Severe Storm,2005-03-24,2005-03-27,1401.3,865.0,0
Hurricane Dennis,Tropical Cyclone,2005-07-09,2005-07-11,4017.0,2495.0,15
Hurricane Katrina,Tropical Cyclone,2005-08-25,2005-08-30,200047.3,125029.5,1833
Midwest Drought,Drought,2005-03-01,2005-08-31,2433.6,1474.8,0
Hurricane Rita,Tropical Cyclone,2005-09-20,2005-09-24,29230.2,18500.1,119
Hurricane Wilma,Tropical Cyclone,2005-10-24,2005-10-24,30020.0,19000.0,35
Severe Storms and Tornadoes,Severe Storm,2006-03-08,2006-03-13,2100.1,1337.5,10
Midwest/Southeast Tornadoes,Severe Storm,2006-04-06,2006-04-08,2502.0,1603.8,10
Midwest Tornadoes,Severe Storm,2006-04-13,2006-04-16,3780.6,2423.5,27
Northeast Flooding,Flooding,2006-06-25,2006-06-28,2358.5,1521.6,20
North Central Severe Weather and Tornadoes,Severe Storm,2006-08-23,2006-08-24,1168.9,759.0,1
Midwest/Plains/Southeast Drought,Drought,2006-03-01,2006-08-31,9476.8,5997.9,0
Central Severe Weather,Severe Storm,2006-10-02,2006-10-05,1371.3,879.0,1
Numerous Wildfires,Wildfire,2006-01-01,2006-12-31,2318.1,1467.1,28
California Freeze,Freeze,2007-01-11,2007-01-17,2170.0,1400.0,1
Spring Freeze,Freeze,2007-04-04,2007-04-10,3168.6,2044.0,0
East/South Severe Weather and Flooding,Severe Storm,2007-04-13,2007-04-17,3811.8,2507.8,9
Western Wildfires,Wildfire,2007-06-01,2007-08-31,4139.4,2741.3,12
Western/Eastern Drought/Heat Wave,Drought,2007-06-01,2007-11-30,5484.6,3538.3,15
"Western, Central and Northeast Severe Weather",Severe Storm,2008-01-04,2008-01-09,1463.3,982.0,12
Southeast Tornadoes and Severe Weather,Severe Storm,2008-02-05,2008-02-06,1793.2,1211.6,57
Southeast Tornadoes,Severe Storm,2008-03-14,2008-03-15,1662.6,1131.0,5
Southern Severe Weather,Severe Storm,2008-04-09,2008-04-11,1517.9,1039.6,2
Midwest Tornadoes and Severe Weather,Severe Storm,2008-05-22,2008-05-27,4392.8,3029.5,13
Midwest/Mid-Atlantic Severe Weather,Severe Storm,2008-06-06,2008-06-12,2355.7,1635.9,18
Midwest Flooding,Flooding,2008-04-01,2008-06-30,14838.0,9958.4,24
Hurricane Dolly,Tropical Cyclone,2008-07-23,2008-07-25,1812.2,1267.3,3
Hurricane Gustav,Tropical Cyclone,2008-08-31,2008-09-03,8575.7,5997.0,53
Hurricane Ike,Tropical Cyclone,2008-09-12,2008-09-14,43198.4,29998.8,112
U.S. Wildfires,Wildfire,2008-09-01,2008-11-30,1777.0,1234.0,16
U.S. Drought,Drought,2008-01-01,2008-12-31,10444.7,7009.8,0
Southeast/Ohio Valley Severe Weather,Severe Storm,2009-02-10,2009-02-11,2575.4,1740.2,10
Midwest/Southeast Tornadoes,Severe Storm,2009-03-25,2009-03-28,2427.9,1640.5,0
South/Southeast Severe Weather and Tornadoes,Severe Storm,2009-04-09,2009-04-10,2102.3,1430.1,6
Central Derecho and Tornadoes,Severe Storm,2009-05-07,2009-05-09,1265.8,861.0,7
"Midwest, South and East Severe Weather",Severe Storm,2009-06-09,2009-06-12,1939.0,1328.1,0
Colorado Hail Storm,Severe Storm,2009-07-20,2009-07-20,1460.0,1000.0,0
Georgia Flooding,Flooding,2009-09-19,2009-09-22,1302.8,898.5,10
Western Wildfires,Wildfire,2009-06-01,2009-11-30,1477.4,1011.9,10
Southwest/Great Plains Drought,Drought,2009-01-01,2009-12-31,5203.2,3492.0,0
Northeast Winter Storm,Winter Storm,2010-02-09,2010-02-11,1184.8,817.0,3
Northeast Flooding,Flooding,2010-03-01,2010-03-31,2674.0,1844.2,11
East/South Flooding and Severe Weather,Flooding,2010-04-30,2010-05-02,3286.2,2266.3,32
"Oklahoma, Kansas, and Texas Tornadoes and Severe Weather",Severe Storm,2010-05-10,2010-05-12,4800.7,3333.8,3
Rockies/Central/East Severe Weather,Severe Storm,2010-06-10,2010-06-15,1297.5,901.0,2
Midwest/Northeast Severe Storms and Flooding,Severe Storm,2010-07-20,2010-07-23,1365.6,948.3,0
Arizona Severe Weather,Severe Storm,2010-10-05,2010-10-06,5472.0,3800.0,0
Groundhog Day Blizzard,Winter Storm,2011-02-01,2011-02-03,2565.7,1794.2,36
Midwest/Southeast Tornadoes and Derecho,Severe Storm,2011-04-04,2011-04-05,3885.3,2775.2,9
Southeast/Midwest Tornadoes,Severe Storm,2011-04-08,2011-04-11,3051.0,2179.3,0
Midwest/Southeast Tornadoes,Severe Storm,2011-04-14,2011-04-16,2882.9,2059.2,38
Ohio Valley Derecho and Southern Tornadoes,Severe Storm,2011-04-19,2011-04-20,1452.8,1037.5,0
Southeast/Ohio Valley/Midwest Tornadoes,Severe Storm,2011-04-25,2011-04-28,14310.7,10222.0,321
Midwest/Southeast Tornadoes,Severe Storm,2011-05-22,2011-05-27,12644.5,9096.8,177
Mississippi River flooding,Flooding,2011-04-01,2011-05-31,4270.1,2986.0,7
Midwest/Southeast Tornadoes and Severe Weather,Severe Storm,2011-06-18,2011-06-22,2136.6,1537.3,3
Missouri River flooding,Flooding,2011-05-01,2011-06-30,2863.3,2002.3,5
North Central Severe Weather,Severe Storm,2011-07-01,2011-07-01,1234.4,888.0,0
Rockies and Midwest Derecho,Severe Storm,2011-07-10,2011-07-11,1716.6,1235.0,2
Midwest/Southeast Severe Weather,Severe Storm,2011-08-17,2011-08-18,1600.4,1151.4,0
Hurricane Irene,Tropical Cyclone,2011-08-26,2011-08-28,18756.7,13494.0,45
Southern Plains/Southwest Drought and Heat Wave,Drought,2011-03-01,2011-08-31,17109.5,11964.8,95
Tropical Storm Lee,Tropical Cyclone,2011-09-01,2011-09-05,3467.3,2512.5,21
Northeastern Winter Storm,Winter Storm,2011-10-29,2011-10-30,1285.8,925.0,1
"Texas, New Mexico, Arizona Wildfires",Wildfire,2011-06-01,2011-11-30,2530.8,1820.8,5
Southeast/Ohio Valley Tornadoes,Severe Storm,2012-03-02,2012-03-03,4286.4,3128.8,42
Texas Tornadoes,Severe Storm,2012-04-02,2012-04-03,1390.9,1015.3,0
Midwest Tornadoes,Severe Storm,2012-04-13,2012-04-14,1539.4,1123.6,6
Midwest/Ohio Valley Severe Weather,Severe Storm,2012-04-28,2012-05-01,4488.6,3276.3,1
Southern Plains/Midwest/Northeast Severe Weather,Severe Storm,2012-05-25,2012-05-30,3156.1,2303.7,1
Rockies/Southwest Severe Weather,Severe Storm,2012-06-06,2012-06-12,3559.0,2597.8,0
Plains/East/Northeast Derecho,Severe Storm,2012-06-29,2012-07-02,3957.0,2888.4,28
Hurricane Isaac,Tropical Cyclone,2012-08-26,2012-08-31,3758.4,2763.5,9
Hurricane Sandy,Tropical Cyclone,2012-10-30,2012-10-31,88453.9,65039.6,159
Western Wildfires,Wildfire,2012-06-01,2012-11-30,2381.7,1738.5,8
U.S. Drought/Heat Wave,Drought,2012-01-01,2012-12-31,41705.2,30003.6,123
Southern Severe Weather,Severe Storm,2013-02-24,2013-02-25,1244.8,922.0,1
Southeast Severe Weather,Severe Storm,2013-03-18,2013-03-18,2727.0,2020.0,1
Midwest/Plains Severe Weather,Severe Storm,2013-04-07,2013-04-11,1949.4,1444.0,1
Illinois Flooding and Severe Weather,Flooding,2013-04-16,2013-04-19,1454.1,1077.0,4
Midwest/Plains/East Tornadoes,Severe Storm,2013-05-18,2013-05-22,3240.5,2400.3,27
Midwest/Plains/Northeast Tornadoes,Severe Storm,2013-05-27,2013-05-31,2448.4,1813.5,10
Midwest Severe Weather,Severe Storm,2013-08-06,2013-08-07,1396.2,1041.9,0
Colorado Flooding,Flooding,2013-09-10,2013-09-16,2021.4,1508.5,9
Ohio Valley Tornadoes,Severe Storm,2013-11-17,2013-11-17,1472.2,1090.6,8
Western/Plains Drought/Heat Wave,Drought,2013-03-01,2013-11-30,14179.3,10425.9,53
Midwest/Southeast/Northeast Winter Storm,Winter Storm,2014-01-05,2014-01-08,2911.5,2172.7,16
Plains Severe Weather,Severe Storm,2014-04-02,2014-04-03,1893.8,1424.0,0
Central Severe Weather,Severe Storm,2014-04-12,2014-04-13,1211.7,918.0,0
Midwest/Southeast/Northeast Tornadoes and Flooding,Severe Storm,2014-04-27,2014-05-01,2291.6,1736.1,33
Center Severe Weather,Severe Storm,2014-05-10,2014-05-14,1126.0,853.0,0
Rockies/Midwest/Eastern Severe Weather,Severe Storm,2014-05-18,2014-05-23,4901.4,3713.2,0
Rockies/Central Plains Severe Weather,Severe Storm,2014-06-03,2014-06-05,2533.4,1919.2,2
Michigan and Northeast Flooding,Flooding,2014-08-11,2014-08-13,1361.9,1031.7,2
Rockies/Plains Severe Weather,Severe Storm,2014-09-29,2014-10-02,1848.6,1400.4,0
Western Drought,Drought,2014-01-01,2014-12-31,5295.5,3951.7,0
"Central and Eastern Winter storm, Cold Wave",Winter Storm,2015-02-14,2015-02-20,3969.3,2962.1,30
Midwest/Ohio Valley Severe Weather,Severe Storm,2015-04-07,2015-04-09,2069.0,1555.6,2
South/Southeast Severe Weather,Severe Storm,2015-04-18,2015-04-20,1707.6,1283.9,0
South and Southeast Severe Weather,Severe Storm,2015-04-24,2015-04-25,1255.8,944.0,3
Southern Plains Tornadoes,Severe Storm,2015-05-06,2015-05-10,1679.2,1272.1,4
Texas and Oklahoma Flooding and Severe Weather,Flooding,2015-05-23,2015-05-26,3350.7,2500.4,31
Central and Northeast Severe Weather,Severe Storm,2015-06-21,2015-06-25,1547.1,1172.0,1
South Carolina and East Coast Flooding,Flooding,2015-10-01,2015-10-05,2637.7,1998.2,25
Western and Alaskan Wildfires,Wildfire,2015-06-01,2015-11-30,3996.9,3028.0,12
Texas Tornadoes and Midwest Flooding,Severe Storm,2015-12-26,2015-12-29,2609.3,1961.9,50
Western Drought,Drought,2015-01-01,2015-12-31,5984.4,4466.0,0
Southeast and Eastern Tornadoes,Severe Storm,2016-02-22,2016-02-24,1372.8,1040.0,10
Texas and Louisiana Flooding,Flooding,2016-03-08,2016-03-12,3029.1,2294.8,5
Southern Severe Weather,Severe Storm,2016-03-17,2016-03-18,1597.6,1210.3,1
North Texas Hail Storm,Severe Storm,2016-03-23,2016-03-24,2725.5,2064.8,0
North/Central Texas Hail Storm,Severe Storm,2016-04-10,2016-04-12,4583.2,3498.6,0
Houston Flooding,Flooding,2016-04-17,2016-04-18,3559.1,2676.0,8
South/Southeast Tornadoes,Severe Storm,2016-04-26,2016-05-02,3136.7,2394.5,6
Plains Tornadoes and Central Severe Weather,Severe Storm,2016-05-08,2016-05-11,2252.9,1719.6,2
Rockies/Central Tornadoes and Severe Weather,Severe Storm,2016-05-21,2016-05-26,1501.5,1146.3,0
West Virginia Flooding and Ohio Valley Tornadoes,Flooding,2016-06-22,2016-06-24,1288.5,968.8,23
Rockies and Northeast Severe Weather,Severe Storm,2016-07-28,2016-07-30,1920.0,1465.6,0
Louisiana Flooding,Flooding,2016-08-12,2016-08-15,13300.0,10000.0,13
Hurricane Matthew,Tropical Cyclone,2016-10-08,2016-10-12,13000.0,10000.0,49
Western/Southeast Wildfires,Wildfire,2016-06-01,2016-12-31,3113.5,2395.0,21
West/Northeast/Southeast Drought,Drought,2016-01-01,2016-12-31,4580.0,3443.5,0
Southern Tornado Outbreak and Western Storms,Severe Storm,2017-01-20,2017-01-22,1425.6,1105.0,24
California Flooding,Flooding,2017-02-08,2017-02-22,1935.0,1500.0,5
Central/Southeast Tornado Outbreak,Severe Storm,2017-02-28,2017-03-01,2329.9,1806.0,6
Midwest Tornado Outbreak,Severe Storm,2017-03-06,2017-03-08,2807.2,2176.0,2
Southeast Freeze,Freeze,2017-03-14,2017-03-16,1290.0,1000.0,0
South/Southeast Severe Weather,Severe Storm,2017-03-26,2017-03-28,3476.6,2695.0,0
Southeast Severe Weather and Tornadoes,Severe Storm,2017-04-04,2017-04-06,1249.3,976.0,1
South and Southeast Severe Weather,Severe Storm,2017-04-20,2017-04-22,1143.0,893.0,0
Missouri and Arkansas Flooding and Central Severe Weather,Flooding,2017-04-25,2017-05-07,2140.3,1659.0,20
Colorado Hail Storm and Central Severe Weather,Severe Storm,2017-05-08,2017-05-11,4288.0,3350.0,0
North Central Severe Weather and Tornadoes,Severe Storm,2017-05-15,2017-05-18,1204.5,941.0,1
Minnesota Hail Storm and Upper Midwest Severe Weather,Severe Storm,2017-06-09,2017-06-11,3008.0,2350.0,0
Midwest Severe Weather,Severe Storm,2017-06-12,2017-06-16,1931.5,1509.0,0
Midwest Severe Weather,Severe Storm,2017-06-27,2017-06-29,1824.0,1425.0,0
Hurricane Harvey,Tropical Cyclone,2017-08-25,2017-08-31,158750.0,125000.0,89
Hurricane Irma,Tropical Cyclone,2017-09-06,2017-09-12,63500.0,50000.0,97
Hurricane Maria,Tropical Cyclone,2017-09-19,2017-09-21,114300.0,90000.0,2981
"North Dakota, South Dakota and Montana Drought",Drought,2017-03-01,2017-12-31,3225.0,2500.0,0
"Western Wildfires, California Firestorm",Wildfire,2017-06-01,2017-12-31,23046.4,18005.0,54
Central and Eastern Winter Storm,Winter Storm,2018-01-03,2018-01-05,1324.6,1043.0,22
Northeast Winter Storm,Winter Storm,2018-03-01,2018-03-03,2764.5,2194.0,9
Southeastern Tornadoes and Severe Weather,Severe Storm,2018-03-18,2018-03-21,1829.5,1452.0,0
Southern and Eastern Tornadoes and Severe Weather,Severe Storm,2018-04-13,2018-04-16,1647.8,1318.0,3
Central and Northeast Severe Weather,Severe Storm,2018-05-01,2018-05-04,1737.9,1390.0,0
Central and Eastern Severe Weather,Severe Storm,2018-05-13,2018-05-15,1712.9,1370.0,5
Texas Hail Storm,Severe Storm,2018-06-06,2018-06-06,1625.0,1300.0,0
Colorado Hail Storm,Severe Storm,2018-06-13,2018-06-13,1193.8,955.0,0
Colorado Hail Storm,Severe Storm,2018-06-18,2018-06-19,2778.8,2223.0,0
Central and Eastern Tornadoes and Severe Weather,Severe Storm,2018-07-19,2018-07-22,1981.6,1585.0,0
Mountain West Severe Weather,Severe Storm,2018-07-26,2018-07-29,1063.8,851.0,0
Rockies and Plains Hail Storms,Severe Storm,2018-08-06,2018-08-07,1281.4,1025.0,0
Hurricane Florence,Tropical Cyclone,2018-09-13,2018-09-16,29760.0,24000.0,53
Hurricane Michael,Tropical Cyclone,2018-10-10,2018-10-11,30969.0,24975.0,49
Southwest/Southern Plains Drought,Drought,2018-06-01,2018-12-30,3797.4,2990.0,0
"Western Wildfires, California Firestorm",Wildfire,2018-06-01,2018-12-31,30000.0,24000.0,106
"Southeast, Ohio Valley and Northeast Severe Weather",Severe Storm,2019-02-23,2019-02-25,1534.3,1237.5,2
Texas Hail Storm,Severe Storm,2019-03-22,2019-03-24,1903.4,1535.0,0
Missouri River and North Central Flooding,Flooding,2019-03-14,2019-03-31,13408.9,10727.0,3
Southern and Eastern Tornadoes and Severe Weather,Severe Storm,2019-04-13,2019-04-14,1540.0,1252.0,7
South and Southeast Severe Weather,Severe Storm,2019-05-07,2019-05-13,1862.4,1514.0,0
Central Severe Weather,Severe Storm,2019-05-16,2019-05-18,1196.9,973.0,0
"Rockies, Central and Northeast Tornadoes and Severe Weather",Severe Storm,2019-05-26,2019-05-29,5655.6,4598.0,3
Arkansas River Flooding,Flooding,2019-05-20,2019-06-14,3720.8,3025.0,5
Colorado Hail Storms,Severe Storm,2019-07-04,2019-07-05,1229.8,1008.0,0
"Mississippi River, Midwest and Southern Flooding",Flooding,2019-03-15,2019-07-31,7649.6,6169.0,4
Hurricane Dorian,Tropical Cyclone,2019-08-28,2019-09-06,1964.2,1610.0,10
Tropical Storm Imelda,Tropical Cyclone,2019-09-17,2019-09-21,6100.0,5000.0,5
Texas Tornadoes and Central Severe Weather,Severe Storm,2019-10-20,2019-10-20,2095.9,1718.0,2
California and Alaska Wildfires,Wildfire,2019-06-01,2019-11-30,5535.0,4500.0,3
Southeast Tornadoes and Northern Storms and Flooding,Severe Storm,2020-01-10,2020-01-12,1401.8,1149.0,10
"South, East and Northeast Severe Weather",Severe Storm,2020-02-05,2020-02-07,1520.1,1256.0,3
Tennessee Tornadoes and Southeast Severe Weather,Severe Storm,2020-03-02,2020-03-04,2850.0,2336.0,25
Midwest and Ohio Valley Severe Weather,Severe Storm,2020-03-27,2020-03-28,3120.9,2558.0,0
North Central and Ohio Valley Hail Storms and Severe Weather,Severe Storm,2020-04-07,2020-04-08,3514.8,2881.0,0
Southeast and Eastern Tornado Outbreak,Severe Storm,2020-04-12,2020-04-13,4201.9,3444.0,35
Southern Severe Weather,Severe Storm,2020-04-21,2020-04-23,1647.0,1350.0,3
"Central, Southern and Eastern Severe Weather",Severe Storm,2020-04-27,2020-04-30,1252.9,1027.0,1
Central and Eastern Severe Weather,Severe Storm,2020-05-03,2020-05-05,2577.9,2113.0,2
"South, Central and Eastern Severe Weather",Severe Storm,2020-05-20,2020-05-23,1932.6,1584.0,2
South Texas Hail Storms,Severe Storm,2020-05-27,2020-05-27,1708.0,1400.0,0
Central Severe Weather,Severe Storm,2020-07-10,2020-07-11,1447.4,1196.0,0
Hurricane Hanna,Tropical Cyclone,2020-07-25,2020-07-26,1300.8,1075.0,0
Hurricane Isaias,Tropical Cyclone,2020-08-03,2020-08-04,5756.1,4757.0,16
Central Severe Weather - Derecho,Severe Storm,2020-08-10,2020-08-10,13342.7,11027.0,4
Hurricane Laura,Tropical Cyclone,2020-08-27,2020-08-28,28090.3,23215.0,42
Hurricane Sally,Tropical Cyclone,2020-09-15,2020-09-17,8801.5,7274.0,5
Hurricane Delta,Tropical Cyclone,2020-10-09,2020-10-11,3469.3,2867.0,5
Hurricane Zeta,Tropical Cyclone,2020-10-28,2020-10-29,5266.0,4352.0,6
Tropical Storm Eta,Tropical Cyclone,2020-11-08,2020-11-12,1766.7,1460.0,12
Western/Central Drought and Heat Wave,Drought,2020-06-01,2020-12-30,5439.1,4495.0,45
"Western Wildfires - California, Oregon, Washington Firestorms",Wildfire,2020-08-01,2020-12-30,19904.5,16450.0,46
California Flooding and Severe Weather,Flooding,2021-01-24,2021-01-29,1314.0,1095.0,2
"Northwest, Central, Eastern Winter Storm and Cold Wave",Winter Storm,2021-02-10,2021-02-19,26996.7,22686.0,262
Southeast Tornadoes and Severe Weather,Severe Storm,2021-03-24,2021-03-25,1995.8,1677.0,6
Eastern Severe Weather,Severe Storm,2021-03-27,2021-03-28,1601.9,1346.0,8
Texas Hail Storms,Severe Storm,2021-04-12,2021-04-15,1755.3,1475.0,0
Texas and Oklahoma Severe Weather,Severe Storm,2021-04-27,2021-04-28,3747.4,3149.0,0
Southern Tornadoes and Southeast Severe Weather,Severe Storm,2021-05-02,2021-05-04,1479.1,1264.0,4
Louisiana Flooding,Flooding,2021-05-17,2021-05-18,1569.6,1319.0,5
Ohio Valley Hail Storms,Severe Storm,2021-06-17,2021-06-18,1980.1,1707.0,0
Central Severe Storms,Severe Storm,2021-06-24,2021-06-26,1453.6,1253.0,0
Tropical Storm Elsa,Tropical Cyclone,2021-07-07,2021-07-09,1395.3,1213.0,1
Central Severe Storms,Severe Storm,2021-07-08,2021-07-11,1242.2,1080.0,0
North Central Severe Weather,Severe Storm,2021-08-10,2021-08-13,1476.9,1284.0,2
Tropical Storm Fred,Tropical Cyclone,2021-08-16,2021-08-18,1468.9,1277.0,7
Hurricane Ida,Tropical Cyclone,2021-08-29,2021-09-01,84608.1,73572.0,96
Hurricane Nicholas,Tropical Cyclone,2021-09-14,2021-09-18,1168.5,1016.0,0
"Southeast, Central Tornado Outbreak",Severe Storm,2021-12-10,2021-12-10,4424.1,3915.0,93
Midwest Derecho and Tornado Outbreak,Severe Storm,2021-12-15,2021-12-15,2013.8,1782.0,1
Western Wildfires,Wildfire,2021-06-01,2021-12-31,12064.0,10400.0,8
Western Drought and Heat Wave,Drought,2021-01-01,2021-12-31,10117.2,8431.0,229
Texas Hail Storms,Severe Storm,2022-02-21,2022-02-22,1118.9,1008.0,0
Southern Tornado Outbreak,Severe Storm,2022-03-30,2022-03-30,1369.4,1256.0,2
Southeast Tornado Outbreak,Severe Storm,2022-04-04,2022-04-06,1544.8,1417.0,3
Southern Severe Weather,Severe Storm,2022-04-11,2022-04-13,2915.7,2675.0,1
Southern and Central Severe Weather,Severe Storm,2022-05-01,2022-05-03,1218.9,1139.0,1
North Central Hail Storms,Severe Storm,2022-05-09,2022-05-09,2354.4,2160.0,0
North Central Severe Weather,Severe Storm,2022-05-11,2022-05-12,2949.6,2706.0,1
North Central Hail Storms,Severe Storm,2022-05-19,2022-05-19,2601.4,2431.0,0
Central Severe Weather,Severe Storm,2022-06-07,2022-06-08,2025.7,1911.0,0
Central Derecho,Severe Storm,2022-06-13,2022-06-13,3386.6,3195.0,1
North Central and Eastern Severe Weather,Severe Storm,2022-07-22,2022-07-24,1420.4,1340.0,1
Kentucky and Missouri Flooding,Flooding,2022-07-26,2022-07-28,1552.9,1465.0,42
Hurricane Fiona,Tropical Cyclone,2022-09-17,2022-09-18,2660.6,2510.0,25
Hurricane Ian,Tropical Cyclone,2022-09-28,2022-09-30,118508.0,111800.0,152
Hurricane Nicole,Tropical Cyclone,2022-11-10,2022-11-11,1071.0,1020.0,5
Western Wildfires,Wildfire,2022-04-01,2022-11-30,3296.6,3110.0,17
Central and Eastern Winter Storm and Cold Wave,Winter Storm,2022-12-21,2022-12-26,8868.1,8445.0,87
Western/Central Drought and Heat Wave,Drought,2022-01-01,2022-12-31,23480.6,20965.0,136
Northeastern Winter Storm/Cold Wave,Winter Storm,2023-02-02,2023-02-05,1821.1,1751.0,1
Southern and Eastern Severe Weather,Severe Storm,2023-03-02,2023-03-03,6111.1,5876.0,13
California Flooding,Flooding,2022-12-26,2023-03-19,4725.0,4500.0,22
Southern and Eastern Severe Weather,Severe Storm,2023-03-24,2023-03-26,2927.6,2815.0,23
Central Tornado Outbreak and Eastern Severe Weather,Severe Storm,2023-03-31,2023-04-01,5853.2,5628.0,33
Central and Eastern Severe Weather,Severe Storm,2023-04-04,2023-04-06,2927.6,2815.0,5
Fort Lauderdale Flash Flood,Flooding,2023-04-12,2023-04-13,1133.0,1100.0,0
Central and Southern Severe Weather,Severe Storm,2023-04-15,2023-04-15,1388.3,1335.0,0
Central Severe Weather,Severe Storm,2023-04-19,2023-04-20,3078.4,2960.0,1
Southern Severe Weather,Severe Storm,2023-04-25,2023-04-27,1372.8,1320.0,0
Central Severe Weather,Severe Storm,2023-05-06,2023-05-08,2222.5,2137.0,1
Central and Eastern Tornadoes and Hail Storms,Severe Storm,2023-05-10,2023-05-12,3563.0,3426.0,1
Texas Hail Storms,Severe Storm,2023-05-18,2023-05-19,1690.0,1625.0,0
Typhoon Mawar,Tropical Cyclone,2023-05-24,2023-05-25,4377.5,4250.0,2
Southern Severe Weather,Severe Storm,2023-06-11,2023-06-14,4153.1,4032.0,0
Central and Southern Severe Weather,Severe Storm,2023-06-15,2023-06-18,3881.1,3768.0,5
Rockies Hail Storms and Central and Eastern Severe Weather,Severe Storm,2023-06-21,2023-06-26,5401.4,5244.0,8
Central Severe Weather,Severe Storm,2023-06-28,2023-07-02,1976.8,1919.0,3
Northeastern Flooding and North Central Severe Weather,Flooding,2023-07-09,2023-07-15,2230.4,2165.0,10
North Central and Southeastern Severe Weather,Severe Storm,2023-07-19,2023-07-21,1887.0,1832.0,1
North Central and Eastern Severe Weather,Severe Storm,2023-07-28,2023-07-29,1526.6,1482.0,2
Northeastern and Eastern Severe Weather,Severe Storm,2023-08-05,2023-08-08,1680.2,1631.0,4
Hawaii Firestorm,Wildfire,2023-08-08,2023-08-08,5665.0,5500.0,100
Minnesota Hail Storms,Severe Storm,2023-08-11,2023-08-11,1828.3,1775.0,0
Hurricane Idalia,Tropical Cyclone,2023-08-29,2023-08-31,3559.7,3456.0,5
Southern Hail Storms,Severe Storm,2023-09-23,2023-09-24,1694.5,1645.0,0
Southern/Midwestern Drought and Heatwave,Drought,2023-04-01,2023-09-30,14786.7,14082.0,247
East Coast Storm and Flooding,Flooding,2023-12-16,2023-12-18,1301.6,1276.0,5
Southern Tornado Outbreak and East Coast Storm,Severe Storm,2024-01-08,2024-01-10,2780.2,2726.0,3
Northwest Winter Storm,Winter Storm,2024-01-12,2024-01-14,1723.8,1690.0,20
"Central, Southern, Northeastern Winter Storm and Cold Wave",Winter Storm,2024-01-14,2024-01-18,2096.2,2055.0,41
Southern Severe Weather,Severe Storm,2024-02-10,2024-02-12,1075.0,1054.0,0
Central and Eastern Severe Weather,Severe Storm,2024-02-27,2024-02-28,1296.9,1284.0,0
Central and Southern Severe Weather,Severe Storm,2024-03-12,2024-03-14,5949.0,5890.0,3
Central Tornado Outbreak and Eastern Severe Weather,Severe Storm,2024-04-01,2024-04-03,2500.1,2475.0,3
Southern and Eastern Severe Weather,Severe Storm,2024-04-08,2024-04-11,2155.6,2134.0,0
Central and Southern Tornado Outbreak,Severe Storm,2024-04-26,2024-04-28,1173.0,1173.0,3
"Central, Southern, Southeastern Tornado Outbreak",Severe Storm,2024-05-06,2024-05-09,4727.0,4727.0,3
Southern Derecho,Severe Storm,2024-05-16,2024-05-17,1212.0,1212.0,8
"Central, Southern, Eastern Severe Weather",Severe Storm,2024-05-18,2024-05-22,4782.0,4782.0,5
Central Tornado Outbreak,Severe Storm,2024-05-25,2024-05-26,2496.0,2496.0,16
Texas Hail Storms,Severe Storm,2024-05-27,2024-05-28,2025.0,2025.0,1
Colorado Hail Storms and Southern Severe Weather,Severe Storm,2024-05-31,2024-06-01,1886.0,1886.0,0